{"cameraMode":{"drawMode":0,"name":"Shaded","section":"Shading Mode"},"sceneLighting":true,"audioPlay":false,"sceneViewState":{"m_AlwaysRefresh":false,"showFog":true,"showSkybox":true,"showFlares":true,"showImageEffects":true,"showParticleSystems":true,"showVisualEffectGraphs":true,"m_FxEnabled":true},"in2DMode":false,"pivot":{"x":-0.10456757992506027,"y":1.1802356243133546,"z":-8.533824920654297},"rotation":{"x":-0.016496796160936357,"y":-0.02068217284977436,"z":-0.00032625041785649955,"w":0.9996677041053772},"size":0.028693269938230516,"orthographic":false}