{"cameraMode":{"drawMode":0,"name":"Shaded","section":"Shading Mode"},"sceneLighting":true,"audioPlay":false,"sceneViewState":{"m_AlwaysRefresh":true,"showFog":true,"showSkybox":true,"showFlares":true,"showImageEffects":true,"showParticleSystems":true,"showVisualEffectGraphs":true,"m_FxEnabled":true},"in2DMode":false,"pivot":{"x":-1.087254524230957,"y":3.0568857192993166,"z":-7.716973304748535},"rotation":{"x":0.07180236279964447,"y":0.06130068376660347,"z":-0.0044525256380438808,"w":0.9955596923828125},"size":0.5948593616485596,"orthographic":false}