{"cameraMode":{"drawMode":0,"name":"Shaded","section":"Shading Mode"},"sceneLighting":true,"audioPlay":false,"sceneViewState":{"m_AlwaysRefresh":false,"showFog":true,"showSkybox":true,"showFlares":true,"showImageEffects":true,"showParticleSystems":true,"showVisualEffectGraphs":true,"m_FxEnabled":true},"in2DMode":false,"pivot":{"x":1.9050801992416382,"y":1.2351112365722657,"z":-9.02315616607666},"rotation":{"x":-0.007218322716653347,"y":-0.2736472189426422,"z":-0.002038146136328578,"w":0.9618191123008728},"size":0.8660253882408142,"orthographic":false}