{"cameraMode":{"drawMode":0,"name":"Shaded","section":"Shading Mode"},"sceneLighting":true,"audioPlay":false,"sceneViewState":{"m_AlwaysRefresh":true,"showFog":true,"showSkybox":true,"showFlares":true,"showImageEffects":true,"showParticleSystems":true,"showVisualEffectGraphs":true,"m_FxEnabled":true},"in2DMode":false,"pivot":{"x":-1.3456623554229737,"y":2.0378811359405519,"z":-4.414371967315674},"rotation":{"x":0.0966363176703453,"y":-0.20890094339847566,"z":0.020750543102622033,"w":0.9729356169700623},"size":4.19589900970459,"orthographic":false}