{"cameraMode":{"drawMode":0,"name":"Shaded","section":"Shading Mode"},"sceneLighting":true,"audioPlay":false,"sceneViewState":{"m_AlwaysRefresh":true,"showFog":true,"showSkybox":true,"showFlares":true,"showImageEffects":true,"showParticleSystems":true,"showVisualEffectGraphs":true,"m_FxEnabled":true},"in2DMode":false,"pivot":{"x":-3.2353501319885256,"y":6.188419818878174,"z":1.3121843338012696},"rotation":{"x":0.20992882549762727,"y":-0.0014673679834231735,"z":0.00031177734490484,"w":0.977724015712738},"size":11.620489120483399,"orthographic":true}